Name,Family,Status,Provider,Country,Continent
Angara,Angara,Active,Khrunichev,Russia,Asia
Angara 1.2,Angara,Active,Khrunichev,Russia,Asia
Angara A5,Angara,Active,Khrunichev,Russia,Asia
Antares 230+,Antares,Active,Northrop Grumman,USA,America
Ariane 5,Ariane 5,Active,Arianespace,EU,Europe
Ariane 5 ECA,Ariane 5,Active,Arianespace,EU,Europe
Ariane 5 ES,Ariane 5,Retired,Arianespace,EU,Europe
Ariane 6 A62,Ariane 6,Development,Arianespace,EU,Europe
Ariane 6 A64,Ariane 6,Development,Arianespace,EU,Europe
Ariane 6,Ariane 6,Development,Arianespace,EU,Europe
Atlas V 401,Atlas V,Active,ULA,USA,America
Atlas V 411,Atlas V,Retired,ULA,USA,America
Atlas V 421,Atlas V,Retired,ULA,USA,America
Atlas V 431,Atlas V,Retired,ULA,USA,America
Atlas V 501,Atlas V,Active,ULA,USA,America
Atlas V 511,Atlas V,Active,ULA,USA,America
Atlas V 521,Atlas V,Active,ULA,USA,America
Atlas V 531,Atlas V,Active,ULA,USA,America
Atlas V 541,Atlas V,Active,ULA,USA,America
Atlas V 551,Atlas V,Active,ULA,USA,America
Atlas V N22,Atlas V,Active,ULA,USA,America
Black Arrow,Black Arrow,Retired,Royal Aircraft Establishment,UK,Europe
Bloostar,Bloostar,Development,Zero 2 Infinity,Spain,Europe
Ceres-1,Ceres-1,Active,Galactic Energy,China,Asia
Cyclone-4M,Cyclone-4M,Development,Yuzhnoye Design Bureau,Ukraine,Europe
Delta IV Heavy,Delta IV Heavy,Active,ULA,USA,America
Delta IV Medium,Delta IV Medium,Retired,ULA,USA,America
Electron,Electron,Active,Rocket Lab,USA,Oceania
Energia,Energia,Legendary,NPO Energomash,USSR,Asia
Epsilon,Epsilon,Active,JAXA,Japan,Asia
Eris,Eris,Development,Gilmour Space Technologies,Australia,Oceania
Falcon 1,Falcon 1,Retired,SpaceX,USA,America
Falcon 9,Falcon 9,Active,SpaceX,USA,America
Falcon 9 Block 5,Falcon 9,Active,SpaceX,USA,America
Falcon Heavy,Falcon Heavy,Active,SpaceX,USA,America
Firefly Alpha,Firefly Alpha,Active,Firefly Aerospace,USA,America
GSLV Mk II,GSLV Mk II,Active,ISRO,India,Asia
GSLV Mk III,GSLV Mk III,Active,ISRO,India,Asia
H3,H3,Development,MHI,Japan,Asia
H3-22L,H3,Development,MHI,Japan,Asia
H3-22S,H3,Development,MHI,Japan,Asia
H3-24L,H3,Development,MHI,Japan,Asia
H3-24S,H3,Development,MHI,Japan,Asia
H3-30L,H3,Development,MHI,Japan,Asia
H3-30S,H3,Development,MHI,Japan,Asia
Haas,Haas,Development,ARCAspace,USA,America
H-IIA,H-IIA,Active,MHI,Japan,Asia
H-IIA 202,H-IIA,Active,MHI,Japan,Asia
H-IIA 204,H-IIA,Active,MHI,Japan,Asia
H-IIB,H-IIB,Retired,MHI,Japan,Asia
Hyperbola-1,Hyperbola-1,Active,i-Space,China,Asia
Hyperbola-2,Hyperbola-2,Development,i-Space,China,Asia
Jielong-1,Jielong-1,Active,CASC,China,Asia
Kaituozhe 1,Kaituozhe 1,Retired,CASC,China,Asia
Kaituozhe 2,Kaituozhe 2,Active,CASC,China,Asia
KSLV-2,KSLV-2,Active,KARI,South Korea,Asia
Kuaizhou 11,Kuaizhou 11,Active,ExPace (CASIC),China,Asia
Kuaizhou 1A,Kuaizhou 1A,Active,ExPace (CASIC),China,Asia
Kuaizhou 21,Kuaizhou 21,Development,ExPace (CASIC),China,Asia
Kuaizhou 31,Kuaizhou 31,Development,ExPace (CASIC),China,Asia
LauncherOne,LauncherOne,Active,Virgin Orbit,USA,America
Long March 11,Long March 11,Active,CASC,China,Asia
Long March 2C,Long March 2,Active,CASC,China,Asia
Long March 2D,Long March 2,Active,CASC,China,Asia
Long March 2F,Long March 2,Active,CASC,China,Asia
Long March 3A,Long March 3,Active,CASC,China,Asia
Long March 3B/E,Long March 3,Active,CASC,China,Asia
Long March 3C,Long March 3,Active,CASC,China,Asia
Long March 4B,Long March 4,Active,CASC,China,Asia
Long March 4C,Long March 4,Active,CASC,China,Asia
Long March 5,Long March 5,Active,CASC,China,Asia
Long March 5B,Long March 5,Active,CASC,China,Asia
Long March 6,Long March 6,Active,CASC,China,Asia
Long March 6A,Long March 6,Development,CASC,China,Asia
Long March 7,Long March 7,Active,CASC,China,Asia
Long March 7A,Long March 7,Active,CASC,China,Asia
Long March 8,Long March 8,Active,CASC,China,Asia
Long March 9,Long March 9,Development,CASC,China,Asia
Maia,Maia,Development,MaiaSpace,France,Europe
Meso,Meso,Development,Pangea Aerospace,Spain,Europe
Millennium Falcon,Millennium Falcon,Fictional,Corellian Engineering Corporation,Rebel Alliance,Faraway Galaxy
Minotaur I,Minotaur,Active,Northrop Grumman,USA,America
Minotaur IV,Minotaur,Active,Northrop Grumman,USA,America
Minotaur V,Minotaur,Active,Northrop Grumman,USA,America
Minotaur-C,Minotaur,Active,Northrop Grumman,USA,America
Miura 5,Miura 5,Development,PLD Space,Spain,Europe
N1,N1,Retired,OKB-1,USSR,Asia
New Glenn,New Glenn,Development,Blue Origin,USA,America
New Line 1,New Line 1,Development,LinkSpace,China,Asia
New Shepard,New Shepard,Active,Blue Origin,USA,America
NSL-A,NSL-A,Development,Gotospace,Italy,Europe
OB-1,OB-1,Development,HyPrSpace,France,Europe
OmegA,OmegA,Fictional,Northrop Grumman,USA,America
OS-M1,OS-M,Active,OneSpace,China,Asia
OS-M2,OS-M,Development,OneSpace,China,Asia
Pallas-1,Pallas-1,Development,Galactic Energy,China,Asia
Pegasus XL,Pegasus,Active,Northrop Grumman,USA,America
Prime,Prime,Development,Orbex,UK,Europe
Proton-M,Proton,Active,Khrunichev,Russia,Asia
PSLV,PSLV,Active,ISRO,India,Asia
PSLV-CA,PSLV,Active,ISRO,India,Asia
PSLV-DL,PSLV,Active,ISRO,India,Asia
PSLV-QL,PSLV,Active,ISRO,India,Asia
PSLV-XL,PSLV,Active,ISRO,India,Asia
Qased,Qased,Active,ISA,Iran,Asia
Ravn,Ravn,Development,Aevum,USA,America
Rocket 3,Rocket 3,Retired,Astra,USA,America
Rokot,Rokot,Retired,Khrunichev,Russia,Asia
Safir-1B+,Safir,Active,ISA,Iran,Asia
SARGE,SARGE,Active,Exos Aerospace,USA,America
Saturn V,Saturn V,Retired,NASA,USA,America
Sea Dragon,Sea Dragon,Fictional,Aerojet,USA,America
Shavit-2,Shavit,Active,IAI,Israel,Asia
Simorgh,Simorgh,Active,ISA,Iran,Asia
SIRIUS 1,SIRIUS,Development,Sirius Space Services,France,Europe
SIRIUS 13,SIRIUS,Development,Sirius Space Services,France,Europe
SIRIUS 15,SIRIUS,Development,Sirius Space Services,France,Europe
SLS,SLS,Development,NASA,USA,America
SLS Block 1,SLS,Development,NASA,USA,America
SLS Block 1B,SLS,Development,NASA,USA,America
SLS Block 2,SLS,Development,NASA,USA,America
Soyuz 2.1a,Soyuz 2.1a,Active,RKK Energia,Russia,Asia
Soyuz 2.1b,Soyuz 2.1b,Active,RKK Energia,Russia,Asia
Soyuz 2.1v,Soyuz 2.1v,Active,RKK Energia,Russia,Asia
Soyuz 5 (Irtysh),Soyuz 5 (Irtysh),Development,RKK Energia,Russia,Asia
Soyuz ST-A,Soyuz ST-A,Active,RKK Energia,Russia,Asia
Soyuz ST-B,Soyuz ST-B,Active,RKK Energia,Russia,Asia
Soyuz-FG,Soyuz-FG,Retired,RKK Energia,Russia,Asia
SPARK,SPARK,Development,Sandia,USA,America
SS-520,SS-520,Active,JAXA,Japan,Asia
SSLV,SSLV,Active,ISRO,India,Asia
Starship,Starship,Active,SpaceX,USA,America
Starship/SH,Starship,Development,SpaceX,USA,America
Starship/Super Heavy,Starship,Development,SpaceX,USA,America
Start-1,Start-1,Active,MITT,Russia,Asia
Strela,Strela,Active,NPO Mashinostroyeniya,Russia,Asia
STS,STS,Retired,NASA,USA,America
Terran-1,Terran-1,Development,Relativity Space,USA,America
Titan II,Titan II,Retired,USAF,USA,America
Titan IIIA,Titan III,Retired,USAF,USA,America
Titan IIIB,Titan III,Retired,USAF,USA,America
Titan IIIC,Titan III,Retired,USAF,USA,America
Titan IIID,Titan III,Retired,USAF,USA,America
Titan IIIE,Titan III,Retired,USAF,USA,America
Titan IV,Titan IV,Retired,Lockheed Martin,USA,America
Unha-3,Unha,Active,NADA,North Korea,Asia
Vega,Vega,Active,ESA,EU,Europe
Vega C,Vega,Active,ESA,EU,Europe
Vega E,Vega,Development,ESA,EU,Europe
VLS-1,VLS,Retired,CTA,Brazil,America
VLS Alfa,VLS,Development,CTA,Brazil,America
VLS Beta,VLS,Development,CTA,Brazil,America
Vulcan,Vulcan,Development,ULA,USA,America
Yenisei,Yenisei,Development,RKK Energia,Russia,Asia
Zenit,Zenit,Active,Yuzhnoye Design Bureau,Ukraine,Europe
Zenit-2M,Zenit,Active,Yuzhnoye Design Bureau,Ukraine,Europe
Zenit-3F,Zenit,Active,Yuzhnoye Design Bureau,Ukraine,Europe
Zenit-3SL,Zenit,Active,Yuzhnoye Design Bureau,Ukraine,Europe
Zenit-3SLB/3M,Zenit,Active,Yuzhnoye Design Bureau,Ukraine,Europe
Zero,Zero,Development,Interstellar Technologies,Japan,Asia
Zhuque-1,Zhuque-1,Active,LandSpace,China,Asia
Zhuque-2,Zhuque-2,Development,LandSpace,China,Asia
